name	使用するicon	id
Yuki Terashima	x	y_temp4
infixer	x	ryo__kts
Kanon	x	
Yoshiaki Togami	github	togami2864
ssssota	github	ssssota
藤田 翔雅	github	shoma-fujita
minako-ph	x	minako__ph
susisu	github	susisu
Hal	x	
omote	x	HirokiOmote
Kazuya Serizawa	x	
kosui	x	
ozawa shotaro	x	
北川 直昭	github	aster-mnch
glassmonkey	x	
higak9	x	higakazuaki9
kemuridama	x	
pvcresin	x	pvcresin
Saji	x	
IkedaNoritaka	x	
izumin5210	x	izumin5210
syumai	github	syumai
おーみー	x	
maguro	x	yusuktan
Keisuke Ikeda	x	ike_keichan
IORI	x	
つくだに	x	
筧万里	x	Melonps_
工藤 颯斗	x	metalic_kudo_h
Yuta Takahashi	github	YTakahashii
わんこ	x	Wanko_IT
山本大星	github	taisei-yamamoto-an
桐生直輝	x	grain_sb
Kanato	x	kanayan_toggle
elecdeer	x	elecdeerdev
lacolaco	x	laco2net
池奥裕太	x	
樋口 彰	x	toiroakr
Ryutaro Yako	github	RyutaroYako
泉雄介	x	
高田 理功	x	
中村遼大	x	
msuto / Michimasa Suto	x	michimasa_suto
oiki	x	kn_prg
市川 賢	x	
takuma-ru	x	takumaru_2222
籏野 拓	github	taku-hatano
ryo	github	
Mahito	x	Mahito6
宇根昇汰	x	uneruby2664
たつかわ	x	Ryu04132
渡邊 耕平	github	koohq
yanaemon	x	yanaemon169
irie	x	purinpopo2
Tamasho Tomoya	x	
Ayu	x	
Shimmy	x	naoya7076
福地開	x	
hedrall	x	_hedrall
yoshikouki	x	yoshikouki_
tony	x	tony998244353
佐藤 拓人	x	takuuuuuuu777
kazupon	x	kazu_pon
shotaro	x	sh0o0000
nabeliwo	x	nabeliwo
mitsui	github	maroon8021
つねみ@tocomi	x	tocomi0112
Yudai Shinnoki	x	y_shinnoki
ayano	github	ayano-yuki
asa1984	x	asa_high_ost
yamanoku	github	yamanoku
おおいし (bicstone)	x	bicstone_me
えーたろー	x	komugi8448
dowod	x	
須永 高弘	x	taka_ganasu
中津川篤司	x	goofmint
土本祐介	x	yusuke_issiki
高橋悟生	x	go20001104
yuya-tanaka	x	
yosuke-shinoda	x	
tetsuya-kaneuchi	x	
鈴木翔大	x	SoartecL
小松 翔	github	tris5572
横山 隼	github	hayato-yokoyama